ph,turbidity,tds,temperature,probability
7.123620356542087,1.0071513513092363,204.6822734943624,28.45405988417796,0
8.852142919229749,2.755314642153955,198.79151962879993,30.933627943827446,1
8.195981825434215,4.3774345957944005,462.50183220841467,20.00935797584998,1
7.79597545259111,3.68790194340685,199.81847993980244,27.497481992139978,0
6.468055921327309,4.052149624521104,208.7798904514524,26.434919662874975,1
6.467983561008608,3.3280384968825154,403.75930496718547,31.65660753576542,1
6.174250836504599,3.4921551661374775,279.895936980216,33.12174120962521,1
8.598528437324806,4.261058692670065,410.6842227820725,15.243135429547737,1
7.8033450352296265,1.3233732434100114,126.14646302575409,28.480398381175853,0
8.124217733388136,2.4981823218513886,295.02847746935373,16.03671598239458,0
6.061753482887408,1.1839262649160511,113.44544007331305,25.97717330154712,1
8.909729556485983,4.93957323918357,125.0612813821418,20.752654580873564,1
8.497327922401265,4.725890764464405,462.57498133776437,21.135531990442825,1
6.637017332034828,0.29319137570567894,155.69814844703808,22.05917006904713,0
6.545474901621302,3.5573183453268737,312.96827291008685,27.425848980992203,0
6.550213529560302,4.633716755336763,264.4382410402826,21.680999313375384,1
6.912726728878614,0.9848191911239343,238.93733050353708,29.65398101180561,0
7.574269294896713,2.8829316297078846,459.933338274909,23.09054771147739,1
7.295835055926347,4.585892658181405,108.7293587101958,16.367064006199172,1
6.873687420594126,0.2663352950704143,365.51587447023564,30.675196849682145,0
7.835558684167138,3.517359309509516,485.35777368542017,20.71516649185412,1
6.418481581956126,1.5570101361254989,324.0672733847368,23.65533759198525,1
6.876433945605655,4.629541357344999,474.7289848132367,28.70887766443803,1
7.099085529881075,4.858185401310302,120.9031517144095,21.64912314297424,1
7.368209952651108,4.726905796655826,267.5173276296646,16.13171312293431,1
8.35552788417904,2.423649661621573,204.06311638482046,22.47842094025627,0
6.599021346475079,4.324008989847636,392.32838599229194,33.88897165388607,1
7.542703315240835,4.238292052821845,492.51883619889867,27.83468794597116,1
7.777243706586127,1.6635923188919528,202.61202497769912,28.42958297334414,0
6.1393512381599935,4.161685823338319,361.6698405896298,27.645643072752797,1
7.822634555704315,0.28133741010591384,179.23905310389605,18.979842779188736,0
6.511572371061875,3.0217224045620603,326.13210182864395,23.3666772820456,0
6.195154778955839,1.2270433027097452,285.5729946753345,30.018795967266364,1
8.84665661176,0.6907777403086662,488.8021318526148,17.027457951063184,1
8.896896099223678,0.4770706879831249,343.41090907858666,20.557055521794247,1
8.425192044349384,3.5118150018028853,239.8025488347275,20.526382169317074,0
6.913841307520112,1.7653873224635244,145.63831395517334,23.64037855189012,0
6.293016342019151,3.6513571804909315,160.49873149397382,34.6073748188437,1
8.05269907953647,0.4202460699148176,190.12677198049403,16.35005093367644,0
7.320457481218804,1.644922655369991,200.3866645361192,25.3740198876119,0
6.366114704534336,2.743507332639153,440.2464231364551,18.58729364024421,1
7.48553073033381,3.974543507710922,324.48911531300996,34.413530908194886,0
6.103165563345655,1.6618872643671427,309.35636454974656,17.266070094549285,1
8.727961206236346,3.166867744541345,145.90754874768697,23.072020047231824,1
6.776339944800051,4.441290966357317,444.055877339774,29.75769969669212,1
7.987566853061946,3.1177296220932926,389.1257212833935,29.091088560548904,0
6.935133228268233,1.2415014262928057,127.06734476000064,23.454572737878646,0
7.560204063533432,0.2195638296270363,383.1340388919075,21.930483359054364,0
7.6401308380298385,4.363484482114556,317.41528693705845,22.952247571057413,1
6.5545633665765815,0.20422011316689698,132.6901382987113,20.285525263172786,0
8.908753883293675,4.386038196152577,283.3202566114626,19.106658774135994,1
8.325398470083343,2.691791956733339,293.8785148520188,24.6607939511778,0
8.818496824692566,4.701431722713191,166.30981606531032,20.370675121352146,1
8.684482051282947,4.014037855290961,478.2792588001129,20.749233297945004,1
7.7936999364332555,4.989877141613354,439.99014859226475,28.13512126949114,1
8.765622705069351,1.8184878957133799,367.6089349316433,34.37074663399784,1
6.265477506155759,3.8592226157625222,284.9182244002429,27.072744011187503,1
6.5879485872574355,2.069461476685287,264.70621663380336,16.539589341299326,0
6.135681866731614,2.4513905394891538,360.38938686038165,16.511672277081338,1
6.975990992289793,3.1747767697700136,318.1727477627622,34.02846441691132,0
7.166031869068446,4.38101785951306,124.90924235275425,20.945815806146673,1
6.814047095321688,4.922008999076546,305.0010595081327,16.841339721649508,1
8.486212527455788,3.8645397279361395,422.5614468931358,26.980891743007632,0
7.070259980080768,2.1470572326199355,283.6959510387832,27.47297556580532,0
6.8428035290621425,2.164649311157644,120.78263102170737,27.970096402373763,0
7.628088249474745,3.714153277785569,414.5112797536132,20.348040557150824,0
6.422772674924288,1.2700080142646817,180.54551285438976,15.302213684289502,1
8.406590942262119,0.6413231543438338,203.4483339552155,34.30030738908944,0
6.223651931039313,1.8376485724398053,165.88254137291835,20.017860913822048,1
8.960660809801553,1.5074710591050007,232.08602594859903,28.520525761050948,1
8.316734307889973,1.5519097902343517,402.700602275454,29.13259739757419,0
6.596147044602517,1.2446779801445589,307.7543438015749,27.200148341589713,0
6.016566351370807,0.30625662921817326,181.95250966028502,21.258147884272965,1
8.446384285364502,0.1875822801937277,451.13203126081635,20.421925075281315,1
8.120572031542851,4.939839709706555,451.8327419806117,26.95336565405406,1
8.187021504122962,2.1960883553057258,448.23137001840274,32.32191267223383,0
8.313811040057837,1.9832005710824405,195.51848455261572,33.93467457846791,0
6.222133955202271,3.4302716851960424,280.49573767239525,17.11811608807515,1
7.075397185632818,1.1694440505388146,493.99586245635004,18.0965722519544,1
6.347607178575389,4.754809801356104,408.80499052399614,33.89472517566159,1
8.58931027762678,3.9530905706362054,110.86696849022393,29.730704566695852,1
7.869894380482673,0.5381139113300717,126.08183650419681,32.65987649659546,0
6.992694074557948,2.146145801346149,285.5725507249331,19.052652682706864,0
6.190675050858071,4.407679707054607,463.68808234462404,26.751717422188037,1
6.932946965146987,4.72918690922791,315.4807191810857,29.022791888349474,1
6.975549966080241,2.3902674051243618,299.1250032137161,28.602237708939455,0
8.188818535014192,3.105715807132468,142.18947998265224,23.16303381733396,0
7.912672414065639,0.9184663358511687,362.7120418897176,15.30789783382617,0
8.661638227728979,4.956726268071185,428.8412642400902,26.658521136085263,1
7.416644775485848,1.2351913367788727,252.16800300302492,20.062030783592174,0
6.358782737814905,4.719385693262116,410.244740370131,24.005084922857804,1
8.139734361668985,3.2832685800626056,485.7906615603246,34.151620301676346,1
8.282355145850692,3.07791029490641,181.50658365107563,22.980706352848692,0
7.683831592708488,2.6121737039808925,309.3318524778965,31.796032133288534,0
8.312901539863683,1.2302820774170178,214.85518323383022,18.770812114985024,0
7.481386789093172,0.9649873568269905,417.14176761353576,28.449209960500575,0
7.568198488145982,1.1803824244438594,331.03734635246303,34.54013908877887,0
7.282623055075649,1.0135474845068473,353.8329670201215,17.037862017458735,0
6.076257380232286,3.9199639204770915,419.16566384635763,15.16639884454384,1
6.323674280979914,1.8156137699169776,258.38818906498193,23.671655852652286,1
6.094287557060203,0.38342911516064226,466.03602736281726,16.852509661027344,1
7.909231233791341,4.848602887689975,313.211546898456,29.967686993524627,1
6.94306794322898,4.430550836320786,163.1819291341392,33.29097327697118,1
7.525712073494108,4.645986187656543,378.359647267521,23.680419454175176,1
8.722699421778279,4.975048330967533,417.3045401753018,20.17423284310882,1
6.747876687446625,0.9520867211754878,226.70467082701066,23.688066380132195,0
7.231148769106889,2.041585892623028,442.8717027995012,29.46895635700002,0
8.266653415629147,3.815368530950048,462.45730190630655,15.18108323160742,1
6.686394496474867,3.5105010284635823,210.7617949511236,26.789079789693943,0
6.230939729486379,0.8540899410652898,493.4085890860888,27.26583369774758,1
6.869254358741304,4.097582312454027,156.28461121950338,27.75376493791871,1
6.483663861762013,1.1997588019996375,180.806267360996,19.840441599617545,1
8.78909295702772,1.1967063126308533,173.68993569521047,29.281054467562534,1
8.42436113869325,2.7311746721777266,457.59588400314817,16.827829726635528,1
7.900211269531271,3.005405680724346,361.71702092998476,18.985406729336017,0
8.614381770563153,2.942422418405275,160.84171328890915,32.54940093308964,1
8.411016230697344,0.5482855032489989,276.12936734733955,29.774463014531328,0
6.559710176658108,4.399558226888864,346.1192100279208,15.274911080226905,1
8.677676995469934,1.4014402086846598,133.38563399575332,19.967525207396005,1
7.618026725746953,0.7346231142857405,452.9665473629355,19.28812965986329,1
8.422320465492188,4.454865591357988,421.44141417661405,20.41612656073945,1
8.68827389977048,4.782692341325792,302.0827094306553,19.95119540559773,1
6.954010424915592,4.324425324600708,486.85064610366817,16.250525914856915,1
6.33015577358303,4.0666287661519025,267.10439171003986,24.178810331936408,1
6.6838054876258255,3.3106857051312066,493.64412761459914,29.654669495723304,1
7.2813233658787695,2.7992011159847827,367.16799952145084,27.134634494348727,0
8.45404429776748,0.5262351235659097,353.8685093015766,28.457433371961596,0
8.58219174976903,2.101420744046424,166.381958118314,16.622983570724784,1
6.020856391593572,1.9261737333603388,452.7711033218576,34.02981420353574,1
7.532241907732697,1.3727935404255986,270.9958751682461,31.769836676860496,0
7.252233009446337,3.6447585570740664,164.89336231299174,31.101806369913255,0
6.666323431412191,2.5297911018859773,105.04300799030362,31.45967610083535,0
6.359596102001048,0.4971264579474749,323.902273455353,33.654210162655225,1
7.012845514210884,1.1788976895540757,310.95984884907057,25.885079322273953,0
8.828729111737557,3.44796794193202,387.7414489476634,19.00564035735252,1
6.969608796062266,0.4730412115024709,456.10322120712084,27.335672157050823,1
7.556371865230098,4.270913878838966,131.76263385721182,29.857629873358782,1
8.109056876685534,2.5262179823684745,392.5985961361449,29.75834786708051,0
7.0908888071378815,2.4548742289005756,174.9647776390329,25.428980483337604,0
8.915346248162882,3.0027981448316363,443.2708212628656,16.36917438667156,1
8.887341884826334,4.1409367330332305,427.62540554466244,22.422258768602557,1
6.755346887476092,1.8042651187207461,316.31750199421776,33.415332169267145,0
7.491745517677156,3.422279147539412,384.0971194493246,26.688978195148522,0
6.902634929450309,2.8720866235793765,225.74004527349936,25.766638865114267,0
6.854521483132403,1.4084385238301647,288.46715957312585,20.37707028764387,0
6.110660842063599,4.405286933140274,428.65475908418864,22.368978398331578,1
7.8286930019396905,4.007387505873948,283.70607886928553,32.90692178306338,1
7.508037069686584,3.3264139898262854,243.1193061301767,28.329260950536714,0
6.154436253749968,4.267850472561785,297.68497890012,30.747740535046656,1
6.835939392709834,4.349741584703032,431.29970097488734,24.086908461353104,1
8.72479765789996,3.5709785859036707,234.0832189483491,27.60494438912316,1
6.718685672000917,4.201365308981993,169.5046372542975,19.96767217486415,1
6.434684616273669,3.51761016217949,384.80560813231233,29.109216605669726,1
7.468358280832689,3.4326897816254722,430.39128508323273,23.552026674066745,0
8.956951362331802,3.1311957532544032,140.25499140941332,23.850910296294913,1
6.726165814534501,3.7883115338324425,195.94964510237787,27.986446491537635,0
8.016406642217635,0.8771650159360612,156.78879590439755,33.72561242937853,0
8.284858845986154,4.416266720074749,239.17656463286664,16.28012693217242,1
6.712912631977199,4.372033285951637,280.14039156216506,31.494864746940152,1
8.18464904583558,0.24331168686933982,399.5305347853226,20.84766220824386,0
7.10334939815776,4.146502077767337,360.45903395266964,23.878389090127556,1
7.896917491780739,0.7314623506198815,348.37142699137246,15.43826657550018,0
7.9005891322826844,1.7420823858697956,240.94997864386175,21.02092155668626,0
7.607324052224275,3.7431904558288784,436.579021233904,25.05262485260261,0
6.270869310163225,0.8877234906367102,288.5148669592658,16.12352154694878,1
8.505907486767715,4.108038418183405,491.64197520606183,24.8219145876633,1
6.962340194915208,4.177457471992935,353.65685531829473,33.54221257716854,1
6.559555531199563,2.5865918954280978,150.50589662580109,17.107864362156104,0
6.122325424664291,0.13129077141248455,370.4710248301736,30.288814561510087,1
7.772678829564725,1.5064868525570727,230.0416061726796,23.193421067519854,0
8.032693085526848,3.122941900041137,374.53087867443895,28.10347429048676,0
6.049763486783569,4.907812272334375,127.8564592649623,20.20473195970459,1
7.536279174897842,3.195886282381675,169.95257487038376,18.189845250827165,0
6.679487325593814,1.3730375472143832,442.2949035623145,18.20925228542453,0
7.9355183712283495,3.206627945188096,190.87182280940596,16.40983891286289,0
6.523099287014975,2.7459283606076923,434.816450097176,18.71293409802486,0
8.072813214307399,3.921242436240604,211.71043538176417,28.284387699779366,0
7.160206038901612,0.6242051302520962,357.1527640234831,32.633812236870156,0
8.810189966210203,3.8290367222599375,377.6602294039324,31.282513711823235,1
6.412562832437979,2.752206235512941,305.0619012580212,28.702686197489683,1
7.023199053150775,4.818660818909073,222.1242706786925,17.208637268222052,1
6.340420563721767,1.775173613589562,185.05775054843843,20.783748925918996,1
8.774080854835688,3.199847276356346,113.27574182497048,21.19613750644938,1
8.632018060142943,4.666937716999086,221.57856049628953,19.999138927952423,1
6.773824883145467,0.6022976671543284,361.2651162125132,25.300113194194463,0
7.979952138102537,4.692419587458611,475.32192737939306,25.71107629759345,1
8.451666600603648,3.470640039273986,448.4817929052208,22.137719503422204,0
7.665602434798387,0.43240158961534236,406.42591061412105,22.07578317472872,0
7.58895173506802,1.5747214780393999,415.37893730131947,31.571111958121627,0
6.725556872701355,3.57004323436188,365.9939613903981,30.785856966393712,0
6.2793083034176975,0.4300179471969814,204.1147430264012,21.155916633614915,1
8.69164727385998,2.9526352548637393,462.87801228233195,33.27576887746518,1
8.701254171489992,1.7948269790694882,368.2929247623336,34.05630034005012,1
7.899304371819804,3.142486037060638,324.17625239217597,21.534850840600818,0
7.017089373146102,0.324135965681313,144.39578768539243,22.088498975861096,0
7.047628723837983,4.370530350146644,278.82221752257016,25.112683068439175,1
8.177867036610717,4.870095948969245,284.14330848077054,33.82241625067347,1
8.691330779857731,4.847501490899888,445.82544380906796,32.52638866284623,1
8.661259272795352,3.7732939755403314,318.6592880751154,17.051359251671798,1
8.339626637572872,0.7374225766400967,252.16021958816387,22.854614865428324,0
7.926094938462864,3.815489660052211,490.7201314042637,26.067423794995435,1
6.252419894985146,0.22047589064812742,144.28823733052627,25.0626494510308,1
6.484886142283841,0.20840540249208656,269.0193713247778,18.877261358737854,1
8.695662565581237,1.6856900738327523,116.80987006856212,32.17633542336309,1
7.81928717897877,2.4943516329828626,395.96164830677213,28.538815659936745,0
6.027591154849889,3.874996347258187,467.23062087966025,31.758167497036073,1
6.304414628598097,3.4481473453718756,212.01493182019578,32.175285586989446,1
7.990505307324168,2.284923261246067,443.33667071964834,29.967117073314796,0
6.015184751538656,1.440770664780163,216.8872921847591,23.784212024994346,1
6.482424154252496,4.985910050772785,464.3080646575661,27.21093510030849,1
7.646201368099758,2.188288380956268,401.5847614387136,18.207308122394863,0
8.07568559307808,2.31179641921541,421.96271073657545,28.472908349498155,0
7.955883778507801,0.901756723839179,107.2026222401818,18.585065114785614,0
6.67280792838168,3.9945667888746543,485.1241428296104,28.878991810203136,1
8.136537664042608,3.4990429063292945,390.6683968281293,19.591963215079375,0
6.7117472624904,1.181771102664926,221.90043815445333,17.3510260030044,0
6.976199094477803,0.5036671235176292,431.7578659435388,18.30568980285915,0
8.239474215354072,3.4344465801660946,212.608479365972,15.039842704381405,0
7.948898697141644,3.307104949977563,449.1015358264512,29.374792357070604,0
8.547670231482535,1.438971682291226,145.0321561647748,29.648020981167583,1
7.972838676901031,4.7592314550270105,381.4743909843183,25.29866699826519,1
7.704925810006415,0.8401836697264111,316.27939065796414,18.227256021107674,0
6.281024303484277,2.2184405251087496,138.61378807817633,16.671086750213796,1
7.1031474091783,4.723718008821234,196.7575313035356,15.38257932874574,1
6.795607103045176,2.1566638529379993,104.96161451092591,18.314963539304415,0
6.731968930137251,3.2287771435540193,287.5071861858023,32.81711069966293,0
8.919031664257336,2.048212550017692,220.50610430400013,19.830736834033637,1
7.179293174000281,1.4436544915084832,339.34299371910356,22.085426544344315,0
8.67613966553134,4.921490475003158,218.8951230834469,17.106909689626665,1
7.893415877991789,2.105736630943711,219.96764460279388,19.447226094963405,0
8.384433910624946,4.481086098027759,397.27727949264136,25.384491415604103,1
7.507911279315577,1.2267775688663225,119.25713439134138,27.15505366191305,0
7.730711653879077,1.1442130497229084,461.1579980767949,19.90704628332422,1
7.477553081456591,0.2525570061341057,440.90554975647257,16.154643184502344,0
6.585728963394134,3.293167444341837,367.12187329056263,22.82065738254797,0
8.167356345784516,1.9057790842464297,337.28862804295375,19.68406741852668,0
6.842317087322567,4.335355424214222,456.9209992558609,19.39107846459604,1
6.072947899294362,2.4187285427886303,174.1320718114858,34.197256054269104,1
7.936416887721503,4.844147796782137,131.58766487633144,27.32600971851448,1
6.531332038221147,1.0090750269452937,195.80406796381524,26.137568863441917,0
8.821375753058742,4.356253522982493,417.8313114800761,23.315502070466437,1
8.861785731007762,3.9053245786795348,113.86810669059332,23.578886668602884,1
8.744593170661346,3.877517038755855,333.1227340333959,25.818100076761617,1
7.110476100766333,4.23943781777275,498.17500647652395,28.928596140722146,1
6.046369849586602,3.8290175556206947,442.27843753501577,29.04292192363659,1
8.784955687763176,3.1684795759939357,308.5782756174358,18.433878154108992,1
7.284552444951943,0.7430999006436991,125.45636371465693,25.00225504153254,0
8.89996445713101,0.25937827950713443,432.54940575428395,23.23916190068204,1
8.890859931267759,4.612154454296865,339.59140327088426,32.41053932538769,1
8.55902836640208,3.1215865411516166,145.97319882382675,27.628378424367526,1
6.883346676208757,4.003032725783264,137.5429139293425,25.650081328319636,1
7.155293185805776,2.4594595224114957,463.85072777463694,17.307892843578347,1
8.553410014550572,0.674810125915733,367.68010517523135,27.11275778646823,1
6.950766015468833,0.7134103817924972,431.7147197267022,17.344078113604667,0
6.5084782400582775,3.45926990742196,451.5915601129069,21.74413151131504,1
7.670403787375051,2.2084988850073675,328.70894081932886,17.856839296286637,0
8.808464322482344,1.08257116083165,306.9785407020165,28.841472940487378,1
8.08808939002492,2.508813279033041,272.17096412839607,19.12504227672305,0
7.710183510268095,0.4146237916681571,226.77863511644773,22.83718746376052,0
6.291529481312305,2.9516598693805545,273.8383843434847,32.91349555237557,1
7.845021680097509,1.4180676817319788,409.55186229206254,19.086327667979404,0
8.97016155031279,4.008039593122222,340.76937240605264,25.15610127917558,1
6.420252045709572,1.6207735987255116,457.0093159819384,23.38543322332044,1
7.55498895709121,2.330578730500826,277.35200575167505,15.362480820914595,0
8.632119215783867,0.15694064554969311,342.8358314875016,30.855162271456255,1
8.222305853262613,0.45498975019333854,352.5230212367955,16.380918126291995,0
8.091047222985804,2.0232184263927557,336.67886492253024,24.485100419539073,0
8.107452251961327,2.4517002901139056,381.05350923420656,26.213565898779,0
7.0784734536592655,3.0401006857845885,194.97338734992252,27.568529132291744,0
6.88077553279348,1.529146635675586,304.94551101831627,28.772632586157513,0
8.428083466435542,3.5054112420200587,141.68992112333908,20.0654476704543,0
8.430340184037542,4.314599746227103,253.80453105792503,15.199575533168987,1
8.60121695574031,3.9212698455774144,295.06682744850576,29.468873247098237,1
8.739721657669413,0.29413224420695006,360.889703818189,25.713131986951574,1
7.534027196582813,2.454484041563362,480.2124210344814,31.722354064144977,1
7.504548884061599,0.6141578742490569,340.26042661934235,31.427767258013887,0
8.394885536900325,1.2860205777263847,397.4375664706239,31.866523355757664,0
7.949891792333295,4.934646707009017,302.5064237980811,24.701893199590803,1
8.10590063177311,0.7982281602174148,353.6416125505325,21.672567916737314,0
8.387378008308303,2.544551951911645,128.37288645350938,30.8311640518274,0
8.6700160254527,3.128963098158784,201.7566323367388,24.0258822605851,1
7.013985470554608,3.5420783556661095,244.74123728205547,18.66884392806869,0
7.126748857919832,2.8422785490858793,288.9973420026054,32.09948039122949,0
6.2819458195226066,0.14787715235399995,118.25949820095349,32.65119753544695,1
7.734840422988522,1.6996604103955604,156.00963902132708,24.3261951228034,0
6.107826821390226,2.636787052585086,210.72572311652232,16.51399454619575,1
7.396794054397381,0.5305458458096834,488.6130763604203,22.756521798338625,1
7.62793390412273,1.818071962924986,232.5388028412203,31.070753189252066,0
6.859623756384853,0.26269523307769616,292.816423244833,33.03548057092458,0
7.772499781707032,0.48503463605960173,178.43908509535717,19.069454849951917,0
6.091500749817149,2.044924053387821,344.3120284303073,16.33947224050543,1
6.1120445662476435,0.7503071948109957,212.27328620638974,32.54700906265677,1
8.467801681978974,2.880950156481635,182.7970313753707,22.788098779577506,0
7.080571924233789,3.4783783487726025,306.62905137839164,25.835219285351265,0
6.381181537955654,4.022874825634506,102.20231966416833,34.361316241015174,1
7.5667297801644136,1.0807361967995697,103.06561305969014,16.33129455828446,0
8.309980659295832,0.9206646530694419,187.6275236407431,27.96636014904191,0
6.647463082490529,0.6123824176385613,114.68854500032846,16.482108451497343,0
7.868671427457,3.21850822276382,143.21030165227654,22.509378569330007,0
6.2560423949813035,3.561731059785816,235.54425973550065,31.076290903868934,1
6.155045163505823,0.254772109645646,421.03427183192514,23.669444655112688,1
7.594063894704444,4.68744000659408,328.81945734772034,34.94364707805901,1
7.62190536483032,0.35465928989221485,305.06709038256656,26.181185698932044,0
7.912289704494619,2.7523520429752457,217.39552928324866,21.42324305271907,0
8.178274001167985,3.5743965453094906,472.70148777312653,19.402226518095063,1
8.927556238387604,4.36774870635582,258.80601649487664,22.010410685723237,1
7.548901044903586,3.5990259674488967,134.8371067183086,22.450665475191016,0
6.968869418823738,4.02846760704198,346.8266064471205,16.37427355447922,1
8.38555858430611,1.76330594345975,145.53535739064057,22.391483988535462,0
6.812496753786222,4.09264305735791,238.08925712067685,24.2847703947845,1
7.316914262116908,0.49256274728490823,302.9647754871236,29.454755044776093,0
6.235369144026798,4.484601614696586,449.68900987407034,28.134589694432158,1
6.076052230246373,2.7832026431533077,297.41863213604745,29.175313104583083,1
8.887945244033775,4.104759072816219,380.9035064126657,15.167273637537143,1
8.507940361536617,2.316359594139671,497.12673559962815,19.353347991610722,1
8.087922618281095,3.2535307064629726,152.59564795919266,28.23368576799713,0
7.22685883324281,2.679373038586955,209.89261020780782,24.679787363594944,0
6.519882960212537,3.6847886566011265,257.83043023905856,15.106269513366918,0
6.469311128013258,0.499986911949889,268.73127141553255,31.089892848636445,1
6.750728694493786,0.3957252115537626,264.4084301062183,30.456191465806747,0
7.647679994118361,1.3108058466497177,463.04440102262197,25.968383259871253,1
8.143787768100188,0.881768932554623,385.61305778674256,16.329266515525443,0
7.980592130153194,4.371739476301788,343.1620856362815,30.330300990651693,1
6.839801690837828,1.1741485380544172,223.74908714511284,26.674271754627277,0
8.864595841989583,4.8817397535137435,429.5161536885179,30.639199543159183,1
8.213690750087306,1.7507893796784237,482.0242045939956,30.03493984791681,1
7.663062157534203,0.9923777868746265,428.4793130200906,31.06004143915674,0
7.835162238703057,3.969522684998148,100.62604207658916,25.360161328092495,0
7.25880018728337,3.3276680999542934,354.56054807336284,17.8064903638703,0
6.743192968503473,2.5411590106203814,120.45415257684029,28.423149467593774,0
7.0679180359537845,2.8212813995943935,203.04288813348876,27.409475701039412,0
8.273538331393107,3.624088713534093,123.80988013910867,29.845063743981743,0
6.043180465889268,1.2194282325233639,341.51818117975506,18.397620121014707,1
6.348217921520749,4.982036188678036,374.6359653970427,18.899503998005784,1
6.138007926065258,4.876486494519237,145.79505522636205,32.808190344386574,1
6.12218640695691,3.286595863099991,253.5355532179918,29.999555969041417,1
8.56638175203302,1.0777580095528112,282.49460358221677,33.16456977400646,1
8.11097357814007,3.4331183879133276,247.62120870436664,30.174306423278416,0
7.422521487261975,0.4537722039979617,148.4100001940772,26.94310611980604,0
6.293502481953005,0.25019726080844973,267.57911607499017,28.082654740557473,1
7.474847625350497,1.3626461537049472,400.47121912336723,32.7825584788002,0
7.420415312341698,2.36685248802265,128.4030658133022,26.57613509023881,0
6.519605609730045,4.354535276501064,132.07200563276137,27.647826486567748,1
7.301554947713919,3.6631284418549095,241.9085167343937,18.12953432007201,0
7.19551420319212,3.7392619538799075,476.69028464757,24.478424402322055,1
7.847550294156649,2.1849173387955694,367.42905868916563,29.327942239161978,0
7.905280952602931,1.7950814634801184,371.4679826690259,20.41885396632731,0
6.135912029316134,1.9180899386245533,244.767996335146,19.0450836104907,1
7.123837843879413,4.939482862306684,337.46431648341536,21.276536164488313,1
7.877579747142709,0.2965350379211642,104.05247361109735,19.83001255985667,0
7.509408775740264,4.348454330999998,354.43841856381687,19.298252740727918,1
8.569469523564967,2.935509502004728,465.3147790304947,23.49701685736174,1
7.976080894856835,2.2492155540289933,345.0293873379277,33.15677027767068,0
6.488803281244289,3.6537625360341695,449.479437386538,25.141192934774367,1
6.21170624220129,2.4846778129810443,389.5892221864375,18.75840761630646,1
7.927257834618947,4.379773866600137,148.2233665614761,16.539433387617482,1
6.079533931624866,4.513439133655167,460.9813229143367,28.923122902758504,1
7.75732674382039,2.166432541679932,126.57753774230996,22.655975288727756,0
8.820690724274872,1.456456206451753,313.58698901910554,31.436618931707187,1
7.726422533627637,3.002516610107475,156.85484951738306,28.190215372815402,0
7.164509778619566,4.5705803935217855,104.68264429236163,30.92482901082737,1
7.9298646553270595,1.1322447261277664,268.8137040510556,20.438920788368975,0
7.37475867147455,3.152536259461066,218.01628306166248,28.84717844922116,0
7.636850367947805,3.194645078453351,294.40019751904117,20.281239693874376,0
8.824394426329576,3.692253809834877,330.8799546938203,33.781369589005834,1
7.158307913402323,0.744681657123573,117.49562892357895,27.727485630667488,0
8.883571691471744,3.607542326942234,149.20131804949824,21.490236003506844,1
8.716051925868191,4.554259351261641,323.4569585801702,20.390237245845455,1
6.58737340436789,0.9804472334641857,237.2669412690633,18.81853170143287,0
6.208083902625496,1.2639622921270006,391.6693950197792,28.892819177874557,1
6.30233400413228,4.859835960804034,360.9166594367759,19.374312259958547,1
6.054665476954649,0.9867870682764999,438.2417451959627,26.906065318549782,1
6.283328882267785,4.286486957510938,376.9971306676901,20.292700538507148,1
8.04902032024907,2.512161496595371,271.97243095605927,28.239378895877373,0
6.213565945380687,1.3114322645755676,369.18664895777295,31.298794570810784,1
6.956926890881284,4.366674516235306,210.15246970216742,30.560504862893062,1
8.534625932908364,2.281995749513061,222.52539951128506,30.217026618615634,1
6.069815807207478,2.622605034255482,415.5940639683173,18.75444811384504,1
8.443405447766807,1.8602435100588521,278.5678065606329,16.767698939690373,0
6.8455643243202,3.0054591720311445,419.352136207341,28.97897656974771,0
6.354494482864968,0.9012669756666116,428.96894946731135,22.366944275887025,1
8.090211496092452,2.0162995295936277,443.0249350645135,23.646924528066947,0
7.886828540339652,4.850120379442909,466.6540943364829,15.62298185586782,1
8.632416040581159,1.3648538202355252,272.3940882053185,20.191528985500984,1
8.205213131411657,3.318009656252332,227.54672732845552,15.67352807748928,0
8.410442791154546,1.6934313147010052,332.87949863764555,32.583715452024954,0
6.84610371771392,3.8900183158643435,248.46896937505102,19.86793366437061,0
6.532318631339169,0.7412809375199142,340.4296667200932,26.146743391460163,0
8.251844254922574,4.852123120884869,382.2343450575298,15.779586413222608,1
8.420504217801792,2.3235687527798325,375.3620073968547,28.33694782611316,0
8.97151542600202,1.2566472703976737,249.82115480804853,21.460546915081878,1
7.237853030734279,0.4601340619170621,166.7440806795011,32.95838373915332,0
7.11605425737835,0.9318137349289497,272.211735384883,32.762363778680715,0
8.32923888222599,2.646892347924487,157.0376576327635,21.505812367234956,0
7.022410620759054,1.7513155645133032,456.0388140735233,33.019217913809356,1
8.792271976810694,4.161528492824786,238.35098429514295,34.923153469975574,1
8.575238255529035,2.2113488659428495,161.78389888932952,31.508313282478962,1
7.286982082125055,1.3186999356793867,110.17910396230035,31.897426955104578,0
8.252613203374493,3.1240104343597475,358.3289545145937,19.9801747221818,0
8.263628622254046,3.563208362738685,354.7609269818973,26.534047977155126,0
6.309371606507797,0.9185053487146544,236.24166663251665,16.345118279347357,1
8.707658720038701,0.9213341598127566,128.6847555390604,16.898358736433394,1
7.515757117343572,0.2796899919743606,263.8515579580928,34.97785224066581,0
8.479372398323225,3.708369873821639,224.48699802535742,21.53278498851822,0
6.960148803091835,3.3526421853468453,370.8482558940037,29.963678240976925,0
8.686569685488601,2.4256912911740884,342.31169978107613,31.13330106053633,1
7.16760503620249,4.2364351999490655,245.837491279016,32.16046542014458,1
6.032512954440895,4.04778374945526,187.15702170199603,34.95256594804313,1
8.716145929257792,2.9682363855440856,495.21438646223675,19.829929705137356,1
6.273860030358401,4.3545292745149675,281.6006484784459,15.807016537193995,1
6.957940912771244,1.1086219291801647,375.30969431209485,23.22383035989172,0
8.850185901152415,0.6484061350488666,156.2211870313443,17.60161339657894,1
8.851821440812667,1.4217730964332493,294.2358798637591,15.448517783241103,1
7.720313664369858,0.3797255948376428,111.0146879477862,22.208536542829723,0
7.895511636509398,2.702730687205057,302.18204716417995,30.67476502150473,0
7.345336565934959,4.689367892245311,485.6069628470809,26.323613824501418,1
6.879632315094193,0.29278334927569727,253.6826851943201,21.25555978420708,0
6.985993636109748,0.6983385786491313,115.59840502996464,28.086840109854393,0
8.017555368231115,2.315775238588833,112.38231636773742,19.640363606176216,0
8.25712358831304,4.675987585886734,255.19470397874778,15.287628921441701,1
8.374737131177547,1.6491649143860776,164.00997458527763,30.287067728728548,0
8.368854428383662,2.585450562573123,109.34083853127436,27.474861697280183,0
6.273618309146071,0.3037070093469213,402.48544558007075,30.2460524900192,1
7.483260914107745,0.8268816847142354,283.40920355275625,15.778760333753311,0
6.172676280049933,4.93448760249835,215.6979087890618,31.742392556613044,1
7.648586646971207,4.829081612536623,460.0332732065923,27.390524000726067,1
7.324591504120131,0.12420590657860713,146.45558408021026,26.267907014252803,0
8.6631125482749,4.763877748573871,482.3675315821277,27.492280962290632,1
7.052745037656236,3.231687695295952,225.58668695094113,32.28866493736729,0
6.3512010492828175,4.352799643148108,455.3614689234725,26.73873013117814,1
6.428975046158508,2.32822529260591,341.17715059178465,26.619007597763584,1
8.284531895152416,2.6264205400383265,430.68294389659496,34.81358314131532,0
7.854654189948783,2.4953482432589094,493.6052652841857,30.13460334137136,1
6.303368028368371,3.3676348619759118,215.3621751274983,23.845876109022704,1
6.2523204183449925,0.7842911483059333,484.4541941630372,29.147940000658554,1
8.102907394377361,0.246870590376122,255.79275796096815,22.78460943383577,0
6.21828901909258,1.6088567137968357,254.20476189476892,19.57750924966998,1
8.465580177871068,3.552935737409569,236.15484170180227,26.937037537755188,0
8.11872668146949,1.0890819154024471,316.56304293903406,33.56364196227903,0
6.244046341925699,3.399818923292095,161.65801727139484,33.58279040030925,1
6.2545131422555755,4.852569025925625,321.4845941432045,21.838105562109806,1
8.959918735503527,0.5601135073681501,316.6819249640016,25.5535493244339,1
7.122812387268361,3.395750379303119,404.760725041948,19.232717971397225,0
7.111926441200673,2.2743760745923987,433.45998477503423,34.91262218997767,0
8.438398701772508,4.353897046449776,276.1765401249696,34.62235815735872,1
8.841745732151576,0.968033968292191,220.9332997405975,27.990178594148947,1
8.958003191468613,3.4938671659082066,203.73395892683777,31.088281193549467,1
8.260134555776824,4.20676491927574,177.84953468194877,29.302003225674,1
7.128778756592747,4.728609675422714,123.05903287960996,26.863164380789364,1
6.250502150096006,3.4479153386192647,236.97919153388534,16.066959939777952,1
8.33144074778231,2.536156343641294,208.09907685231332,24.09528685105322,0
7.675212749207415,3.1274514769859483,486.56695434656297,28.49572604334821,1
7.272666027740929,4.357634423945719,323.08353050001756,28.550632277673692,1
8.719063155284207,2.8959877585302656,238.910815612203,22.46245236844767,1
6.333592446918454,0.24889659251450064,332.1870403974784,33.833839733160616,1
7.477875312872578,4.6616486079841915,155.6786805382782,18.34714064473562,1
6.034060934302257,3.47868108005465,277.61749968088117,25.00718892431121,1
7.405981925982379,3.4149155903085084,350.4937285684255,28.817679531016456,0
6.168909827045512,1.1568082467488143,295.55913271698057,28.942716117836184,1
6.356453748804216,3.328538804140021,260.7115202617297,27.97277913537631,1
6.352578740331315,2.029935587705377,497.53935555987925,20.505764269037204,1
7.9476309063481905,3.2910415875033117,452.1259048595708,18.12413137373244,1
8.23813463779627,0.6223058485091546,349.36238326377605,27.718806536534217,0
7.750106295291479,3.323441992554877,327.75094447291315,26.986042322788755,0
8.886517645423625,4.997127256276266,348.2641919298336,18.58712020578482,1
7.124611738571112,0.33623899041672456,180.52484312897332,29.102782911411268,0
6.857136258845582,4.888153502684455,258.05509730572743,24.10343983467313,1
8.60579738456838,2.093849007542066,115.78381315635973,28.35521183206306,1
6.670787515558358,4.366691906652569,290.21841499473067,31.747341595403014,1
8.889667618321834,3.9336888718855403,317.20983358306523,18.394568571538464,1
6.036463424069449,2.8783796788346727,191.09989444128382,15.382897359936734,1
8.909636480122916,3.7184011253315004,485.6115388662055,30.582051727915736,1
6.129479735851728,4.404726250376605,463.7818443748968,27.19394850305232,1
8.673429341094213,2.0802875760900617,388.85729418236235,28.992791392442435,1
7.5831033272588995,1.7024624916598698,313.35465150614505,31.76309949977285,0
8.9788943883579,3.3712075892615654,447.98766385907396,31.05621869649001,1
6.221389694206197,4.058445115512167,152.26093752938516,34.21840293857649,1
7.661562853203963,3.8351971604054174,416.203917709954,25.718701577042363,0
8.907907606857297,4.009286879407309,149.92832558673933,24.769912653198105,1
7.5692935325104465,2.234358242583372,417.68426501976217,23.0377439978146,0
7.888195914405788,4.107387659257606,210.30702730054279,18.07382085688409,1
8.087246066953853,0.6890243713159814,450.8362324072756,26.45214465764045,1
7.36362319430332,2.767996580008163,477.61683753015916,20.540250486519575,1
7.88267424025219,0.1282174364407957,159.51838776204625,33.42615024425951,0
7.752942935769301,1.6904705665113247,285.0702420261574,26.663816085541953,0
8.703474031472966,1.8956615208698497,492.39495126507404,26.856803610162203,1
6.136339141024374,2.0412461888853515,293.3629743892586,22.098493217540202,1
6.842889568776691,3.507789312780325,445.41900900581805,16.03978703955415,0
8.851234452229676,2.003934696224694,335.49260885252795,15.634875307459772,1
8.670791351672749,2.2985987508504007,250.13196316784075,23.466702883063952,1
7.366970258357139,1.2639662412842048,214.31342221034808,16.691307561944758,0
7.86039779340461,1.9289337789837666,181.2892364344349,27.136939110802782,0
6.832143548943398,1.2136211735894424,404.7192765510789,32.61946011279315,0
6.564363479171284,0.45866002646537385,254.61620272921115,32.65829633037444,0
7.391095214819947,3.056898107568752,304.51018488030047,28.18090820264465,0
7.060056684078159,3.37424271291958,296.93019200047274,19.224636629458622,0
7.750968335552616,3.1355026954471112,330.9116116932525,32.25993662717744,0
6.233203910894955,2.3711208146228047,446.23085824982087,32.72186870626416,1
8.9231844229985,1.9609503228782263,492.29573743337176,18.933071699059173,1
8.95863223343881,4.330334882901943,263.0336834295268,29.748521715413546,1
8.094485142059234,2.6435007471674687,431.0075688425212,20.73039097854246,0
7.608289099032361,2.447991200385682,405.81111786188706,31.052806247058594,0
6.928582848858984,0.2256461224515349,329.4115805822293,34.94475799807205,0
8.441385059120845,1.7721143553681664,482.41885744477327,15.600520106587856,1
8.054193517661638,1.9629585320507,180.18980621136112,32.94731731581864,0
6.487850818034674,2.0542316263948126,143.70568412384856,27.45261067197316,1
8.732781553481527,2.9428446092139287,441.58478678216886,34.467652383296425,1
8.467611728769507,2.7146524789617046,275.6599266534993,24.300190350528553,0
8.849399739875771,3.078734954687879,438.7875416828242,31.947758611427474,1
8.17715852516508,3.847927981556429,457.23608207816596,16.247881371965544,1
7.840245587807369,4.083630119708858,124.98303744762858,21.705581001565914,1
7.254729108871857,3.618803073509823,453.38590519442425,16.340330755024198,1
8.79818545006204,4.78206611017918,279.32762214776886,34.50686266958141,1
8.598191668501226,0.189339655114172,304.1729956016929,31.339478145436736,1
6.135656010318568,1.059312129849376,350.6370044372841,32.05094842491941,1
6.079100923491756,0.1370580873928964,470.5530426920347,33.75930462867788,1
7.129390100634149,3.272626099357555,107.64643777190561,16.702069722395706,0
8.431659992345498,4.500349689854936,290.73738732712684,22.711951850266665,1
8.961828387944834,1.2930632532238666,375.08881697222427,16.420697780880044,1
6.451250673310584,4.642469269501903,389.0827830792914,19.215862031000572,1
7.782392146056406,0.39531021241884823,377.0129726148432,19.587315540753448,0
7.142672569893064,4.67873653134702,153.77405176324874,24.382144220951574,1
8.90974319344381,1.822951167474209,219.75823534867249,20.371243349072852,1
8.526356769407126,0.596962059401161,243.4862101668054,17.019562136355223,1
8.514986114133414,2.480771620012996,421.774883071802,18.349821781882156,1
7.4060794793849105,1.358205181830489,211.50394896582122,17.94551127104182,0
7.244458507012995,1.495877219613422,184.28198554688126,34.46153595824597,0
6.8202212157921185,1.6057208281388045,482.97920761523847,30.185850138369474,1
6.169126489952781,4.034826899380051,103.54531404538756,34.35522930539124,1
8.594167128765159,2.7418902557087472,499.12834227279126,23.79480973015817,1
8.438703027390233,1.6254077258644182,370.7285195429582,20.567369633253133,0
8.999153019858392,3.0906355382235002,431.38771977964683,30.965863944183734,1
8.989910511221716,3.6091383036936486,217.84775853847725,21.525078360822935,1
7.666295116807882,1.4358576035943156,105.72611106682399,20.987667474106964,0
8.30696224554153,2.1263905974742228,395.14780742461204,19.650119844156624,0
8.834297189647284,0.697241857351043,433.6578388002703,17.593579564484706,1
8.548942172032234,0.9876318127199336,396.19045278140766,20.12926122033532,1
6.742044305229593,3.437477484428416,157.14011492033544,22.106394969477755,0
7.35163240593028,0.9890479037085721,401.37116890278764,28.47988416291461,0
6.387478245454485,2.673300579968595,407.5691128430564,16.25129684438903,1
8.862153081776167,3.5743266824399207,363.41620626802194,19.21013879330686,1
7.81852390335264,0.6236969231642449,406.4463731182345,31.180472805833528,0
6.6859284165103885,2.8798298761816277,438.36857587109284,17.938438471675415,0
8.01510205321757,1.3571576401366827,345.4416456949834,21.85290293045043,0
7.8543847213736875,4.818341688664141,135.44188558787164,32.2931784371628,1
7.074488154098521,2.4693736689276315,295.0511238668844,18.098506222868853,0
6.340672776598887,4.049363493898275,131.059733868642,16.6547367123638,1
8.014719586778398,2.796110056565683,263.0172124129723,24.690759901600217,0
7.56092310271138,0.31272141098861395,262.84259565025104,21.048390225570728,0
8.316955175206918,3.20244174041071,126.40393765609663,26.26816728967708,0
7.560490503335981,4.761876376812619,239.52821358779173,31.076097809669502,1
8.55654450095562,3.047897918717023,144.39923951652594,17.742969763054862,1
7.6557205163234565,4.114025411191272,423.29408400368885,26.613981691085698,1
7.682813914606159,4.432611670407198,479.0752103857883,25.110175207797276,1
8.629960807975035,1.2175908825497692,128.92659010317544,17.881575720263992,1
7.210448598637191,1.1390197155503108,482.0460829166806,27.47996971057965,1
6.402045685351922,3.0938068453698597,309.03063973469807,20.472808357215435,1
6.086348028940017,2.1140395020528535,219.82627118154954,24.75668637088025,1
8.265411767020858,4.2153203840469295,130.74483011046541,16.64544648554124,1
7.860928654060394,4.510113304650255,300.24970722816715,24.19168114427246,1
8.11223930429767,1.831764758583319,417.80621779629945,21.129269360856405,0
6.638892484526732,1.2606657389749623,382.83459090667924,31.447624223707088,0
6.4091144267603095,3.9245750246949234,120.09040458558951,16.139574539947365,1
6.043633997003646,1.4465495741858672,129.1607341471614,23.3721454983666,1
7.051762676419791,4.130810160717024,261.1493130530548,24.168628482628762,1
7.769753060563899,2.176317442878938,218.1161976191773,29.500121525982372,0
7.176732135299197,3.3709945065282056,192.95372922241913,26.48575150180422,0
7.312424766071187,0.5681230377898742,212.40179956348544,28.344246743883623,0
8.712476083481246,3.156910690915208,421.39309731875386,30.540985713035123,1
7.044766401069901,2.313661625812423,471.69122145274156,32.24405947316377,1
7.541968467479432,2.974381469559823,262.0410778110266,21.277509934449412,0
8.35095903822343,0.9232696179498308,462.44440085299885,25.760454107278058,1
7.1896283469638105,3.710681350226493,228.5982804991528,31.802161568783998,0
7.86626010068362,4.32770567996182,290.57479453751665,34.78902261930113,1
8.587091126240235,1.1620250204448008,190.4115991263999,32.79038622087526,1
8.848561870972926,0.5690013220487925,356.1904168703376,22.429345252487536,1
6.441220442787114,0.21582907162704834,491.59244606992354,18.903330344373007,1
8.779762875484483,3.2456603521720035,341.39723841735145,24.787850748131774,1
7.476348879238614,3.074760776835026,243.12563364541955,29.832829036720845,0
6.774733164896875,2.778817322298943,359.12697839621137,24.85138141506595,0
7.377407268714784,1.2365407709682796,149.16827138615503,24.66361726627337,0
8.94009772585643,2.015439379937022,455.4636321061595,31.764608421636012,1
7.477854281978608,3.0129340424122484,301.23358031193453,22.228075581343727,0
6.986254830862524,2.5341576084099304,279.7398968158568,32.19589349623291,0
7.900202562950177,4.940149049052947,334.3459153814077,23.136096019034472,1
6.7204368563345795,0.7685547875279923,349.913545115761,21.56466211356679,0
6.227589984325991,3.5062083148332097,128.71032249060522,24.07979822399398,1
6.386639165731948,2.0811619637110317,373.046888489361,30.24893917349737,1
6.384137516873317,2.1981781131355125,196.77267212621183,17.520040557279884,1
6.455708080536883,3.616229051725064,385.58105300263594,18.928384317440347,1
6.41648151794823,3.4929371414894117,429.0139177536787,34.02889651326184,1
7.922624234409644,4.9571543691407225,421.5834030210081,18.50983254762715,1
6.545640253197434,0.7291320183252137,321.0003869631556,26.354546358621093,0
7.03700184997159,0.610137281982415,308.06795692430046,26.586289333238756,0
8.690365229718036,3.649260203930832,157.1503845357647,24.792489241004894,1
7.421884920788617,2.934095893331405,410.1384601612542,27.89490497153637,0
8.002673215563082,1.443387266143049,208.56375217868575,19.59653451595237,0
6.5169596136048895,0.48915490804603445,298.67816912717865,26.053245355534962,0
6.576867056426012,0.5197254230225097,213.70963717100668,22.443465104937943,0
6.122605848799436,4.4815352858541795,153.53134519987725,28.23334519258378,1
6.506805189216494,1.0401498911218403,351.8230787566946,17.82447086746299,0
6.835771017095876,1.684520654366052,121.73281392916152,26.417548336789523,0
6.5310314528302404,1.2106163709122415,399.45809365048,18.705407107666474,0
6.266107601271167,1.8394818985764931,227.03471810444665,20.572861262300727,1
6.361907613301803,0.44017682945585757,100.05387720179412,19.374196006471664,1
7.382336304098177,2.643392975450525,304.4516556948919,18.656755597376343,0
6.6190011552173775,0.43130156160185307,118.74076341104126,31.51421903121334,0
7.092809583144226,4.021746888329572,210.46782312835978,20.714151353217808,1
7.5102518125645705,1.2451892013611219,382.79059498228645,33.54247563728899,0
8.071184485888097,2.746058381562102,125.07584864874634,34.39853050690382,0
6.117936419523296,4.412387529051145,435.73539694240094,26.42520939874195,1
8.398231196727128,3.2892991083312517,101.52796906343325,17.860022453314528,0
7.883701168472723,2.7114931541015435,198.7295476807609,22.490964867591625,0
6.245277095846616,1.6892353902653408,396.3616224608286,30.95464526696428,1
8.620735872320331,1.73170937398517,226.50805989172272,22.34781457394141,1
8.76261720159544,3.380486080471132,140.7569552264054,16.740344366055776,1
6.183233879564591,4.971282869983721,244.09356752017115,26.13569821856376,1
6.830632944441611,3.3430120302619555,208.1573145538102,31.902417029920695,0
8.418603839379184,2.8331387451131222,437.08476086422195,30.918527742870047,0
8.244779071150976,3.6801875001723063,225.33916703405725,18.502462802607063,0
6.553563058069132,2.3795075001902193,415.5729887104029,28.455292288249332,0
6.628047970010131,0.39469747874384753,456.7488579242939,19.41008526871294,1
7.111416308374146,2.855254397801758,273.52696783061185,19.364150691043445,0
7.453568955573064,4.792363894076363,463.9772575417568,32.481435466103704,1
7.854764314590888,0.9589844175525323,250.92722158527715,19.993379054804603,0
7.106740918709317,3.4810239650212624,485.6313665960433,20.264946930360225,1
7.3876041483994435,1.0845750744293767,135.7158098102292,15.013067815225991,0
8.24241281440127,2.7255556539180983,374.80770660129707,32.41338068251035,0
6.110049608671794,0.5737146032689262,297.5256161827715,30.851896264182695,1
6.757310833032062,2.3068175876651074,255.05952218225883,27.54657870181356,0
8.140048757653657,3.805200311586706,353.08475149944036,30.005315278776845,0
8.685620513061597,1.8031004687710124,381.5428366537325,18.040971348489837,1
7.5350323263469985,3.358067449987369,101.74530786012363,24.16647189175151,0
7.596340455795946,3.9977048078696735,166.78123549887948,22.02438774697562,0
6.321516034019329,4.643171315449318,385.21842025372746,16.87553052514033,1
7.3422371004703635,1.2497462010917226,366.55416543128257,24.72260970429848,0
7.59785179936507,2.05664798746561,486.4190020514709,33.414793006852705,1
6.727411510904189,0.8468384653190455,404.4151161003132,15.80118238101389,0
6.8077296928481426,4.963169160576038,480.3090830925352,20.829218269875877,1
7.131852489313868,4.642304742829047,381.01620061392276,19.150818724114067,1
6.060213593333179,2.745789938374742,219.22088345577725,19.762933073313924,1
6.966237496749535,4.225963142444464,142.14596890034258,33.16869103758751,1
6.634344020989634,2.652694088633007,412.72954533797423,24.361381084685803,0
6.982492056533744,3.155569871213523,357.6596885903664,24.325988258796375,0
6.359286395457754,0.5367097173684815,119.2744049573185,30.211512849105645,1
8.671581842219684,3.8008250604343594,244.02018636039134,18.089844080098516,1
7.780777360662146,0.7257960698126507,482.71992619371446,24.745307082001016,1
8.037306957433469,4.147731388237389,300.1604582840805,23.599704282421193,1
8.367513715822014,3.9319376295848913,273.09165440788183,26.93821381093312,0
7.495326596787172,3.572849018940585,283.0798420637176,34.99115406500877,0
6.260760864262271,0.2771858645713344,183.55308960206548,30.38897788164094,1
7.611319625455643,1.5853289441321103,247.4828683459181,22.957314060348544,0
7.760523354062638,1.3892515925631301,247.92530239487064,31.55106104548094,0
8.23631842255299,1.8646683966104438,120.94200807498896,18.414167266249603,0
7.294978638689038,0.5294494591428089,407.0270514071673,15.609273726179202,0
6.382740908386691,4.6910933328522075,266.6017727615516,19.088967449285462,1
6.851327717396173,2.813630979490644,428.8719547265693,21.808231122285193,0
7.0892468891959055,1.5970691222243156,440.13920044795816,25.211615149191196,0
7.937751723994804,2.045209433663989,184.79762187946324,27.302582810823996,0
7.712334914006735,2.291292448473695,362.9413928680514,33.21211434428844,0
7.068290177693539,3.042912233467025,288.9127216651927,25.197080191009153,0
8.95954574637894,2.6268291957128396,452.062695168594,25.025512892514588,1
7.817324458070662,4.605020668750645,186.29627167058163,16.004860196459642,1
6.711680375207983,2.5351210662385686,371.1252801240177,15.698231053124477,0
6.305347417861212,4.961574272634232,343.100848901089,26.023199238327443,1
6.458577417552996,4.271982292950969,218.12059102873312,23.76357226496689,1
6.737873185153524,1.1217015203509457,154.64036146046905,31.783607899605972,0
6.482044119778667,4.65991655175519,360.65590419091063,18.213591694236904,1
6.559701072153917,0.6701953496388329,395.4389832529323,15.499433242340992,0
6.855285506081541,4.105503571606839,226.25093750534,23.980775358602518,1
6.520120785884265,1.9650541380352426,357.9330416089255,19.74957113504515,0
8.690296273879277,4.402074170180841,258.0523630446013,15.992287466776748,1
6.240701236984926,4.353477781526506,385.28275331304707,29.49196573695258,1
7.573534168710764,4.049034460576344,179.68610995762123,17.231859999144948,1
7.231190480968984,3.971149137904601,456.08600105446976,27.166390000155435,1
8.947135850725818,1.5929277815804,214.96383858623187,20.620995003337782,1
6.336116706504157,0.4965044869511357,247.11439510246117,18.46992100710044,1
7.193566797137224,2.0746028759492914,123.23678083213991,22.595030458386347,0
8.908411299826106,0.9502701234338925,144.60488492851056,31.028915524459073,1
8.596521377681942,3.505260335622063,306.34476108493124,22.841871538091453,1
8.45121621284784,1.7958886600351494,207.0370706911886,30.015392984221116,0
6.773708481134819,4.880489984213583,434.1920902968778,17.509725935983013,1
6.512662762170198,3.240763178992127,105.87735546198154,30.45542839330158,0
8.005929659773294,4.1301547618083685,251.6376194687745,19.73866649813297,1
8.788127967382756,0.7493708964350573,234.93821870763708,28.547862597777456,1
7.670288679041789,4.3238709631358505,107.73105236704042,26.315631096819928,1
7.7148380684096995,4.621510233515632,149.7473596002041,33.58289434423375,1
6.839937280980853,2.4866034022127863,265.4570699674541,22.74645035950628,0
8.308478799575811,3.0706393949797897,297.1458337789786,16.32330377668881,0
6.56113124567257,3.847568024424678,261.71589890194764,15.383109711025059,0
6.971037709212731,0.9567092735760215,312.37507136483754,31.53717121945506,0
7.27630931584925,2.5625737746708683,338.0526699622726,25.494712753228644,0
7.522831136053365,2.053448836084334,103.96952845113425,30.504881036698986,0
6.727229197245241,0.8172325615950207,285.63806378140157,19.688512000230293,0
6.344510474217611,1.9009186692285043,485.3996963550353,21.901674910264674,1
7.831860127324898,0.43404431598891846,307.6129120518195,15.602077444226378,0
6.865891659720767,0.22647834405248624,371.0169069835813,34.22984649148224,0
7.743714664267837,0.7623148168586316,224.7455431667533,28.357358134016266,0
6.463088145822607,4.819264046786952,409.596551261105,33.664101755186124,1
7.4434203055644526,2.792694725885583,409.168592750446,20.30992814858145,0
7.597768297654758,4.832528589650778,308.51841906165555,27.229272224513217,1
6.1554706104672805,2.219239603817647,490.4055293116854,28.569999365852755,1
7.009812834581762,1.627899052117772,150.22008590506135,21.35099400515177,0
6.403244030816923,2.5800951279171964,106.7790659558324,31.9621847003126,1
6.1901249114183035,2.25360727430126,408.0632847028384,33.943229258004955,1
8.969880697169835,0.6177569528825452,422.86221494595304,32.69710235392009,1
6.967061534924169,3.240048941982011,148.0828916482305,29.78133951878745,0
8.429623337563905,1.1585870942970382,206.23313318344242,20.54929359449908,0
6.763921964291292,3.135980978999365,107.02094534665156,20.632320842112634,0
8.044508166671788,3.2859853527509517,217.3234443122259,34.26720640892076,0
8.28068357966906,0.8449217803303758,409.2567495674686,15.20568991871384,0
7.786916221823533,0.40061317284227405,307.18421108503156,29.32099946484289,0
7.414728565650475,3.9257317717353555,239.23823726731524,29.124923251105244,0
7.235522742441805,2.353022076469669,248.69571796253211,27.453790818995948,0
7.046604799628986,0.38500259797683145,100.54145028618726,34.80217692173731,0
8.788587432743478,4.974844954131859,219.92021102609436,21.237588715274505,1
8.491858223363188,0.3831247488821965,358.5834966551722,21.799437275864964,0
8.895080731999538,3.505672621406911,489.67777752654285,16.57878805893111,1
6.372891670456634,4.920026733790727,438.8243307935598,23.85596273087475,1
8.192602425610932,1.2719825106580356,109.43798585821165,20.220970524696963,0
8.815021370463114,0.7970219065672612,459.4242418699357,21.867734043552886,1
6.543699198496981,0.6947862031699016,413.2793653194504,31.691435805112555,0
6.1994888021003325,1.5860482230812183,412.15044942839216,33.70969027054991,1
8.223361947870178,0.5951244739521688,283.1983036014286,18.71466144010371,0
7.723419339539736,3.4915905743012465,259.2021171818011,22.450178631069317,0
8.525486330274816,0.40522981083730725,221.16629153327705,33.572611242307886,1
6.419317129878868,2.59616842793397,126.27794358174631,16.236169213784454,1
8.385801935579671,4.983814583879586,191.29414539747964,16.84721056222757,1
6.604881960143233,4.088454320579492,198.64145399120986,18.255819784124586,1
6.490967828597114,3.1145752473319535,293.63082788408065,26.904256682537493,1
6.492797393792979,1.6006427418543974,398.9777626386776,18.00944542011995,1
8.443724160694146,3.157089597829029,289.5239313591786,34.361527629014674,0
7.9955916620886,2.682503173167093,123.13777977886424,23.934290545170406,0
7.569196274307358,2.1878085810628205,483.11592039528153,25.03035920700333,1
7.076491452370508,0.7404808460269775,477.0897276376449,19.93317231610813,1
8.631601622439325,4.444360654678287,414.07581725936336,24.41920504869467,1
7.177335322267906,2.3039447792244805,496.53116062568824,28.23827265274023,1
8.449798318414732,1.053650307921749,317.7929331201052,30.023542739080856,0
7.317404725710656,1.9020208192987194,485.10734010128243,30.07736165419826,1
7.130833288274722,2.129235787391743,130.2420162467003,26.557822253881767,0
7.38803935700882,4.154935688277684,246.27229930454854,33.08719549987714,1
6.904133622492426,3.6947104647508704,190.15250720270632,31.348156946122188,0
8.242828140528754,3.8695939788425653,178.33323365370802,30.140962293972507,0
7.508161170277438,0.15405319570037135,156.32117955707042,16.112110433609214,0
6.696638085440452,2.139154591080832,348.9654566263987,15.137559244392985,0
8.698723719823706,2.458586343013086,412.528742298922,19.248945543909457,1
7.151673664119635,0.19404215643297779,331.3193597681443,28.270471878269046,0
7.630658583341965,1.373084722850668,158.78508383528387,23.223949777650915,0
8.71941633289364,3.825420133298462,424.44950797338834,23.048125185986237,1
7.872713987741976,0.7718375580720954,354.38188286549143,32.691737764592276,0
6.350694122125092,2.7230196441176995,255.2662824507982,32.91125696263677,1
8.819496370840426,1.154489172884464,369.6521182144252,33.18350528107172,1
7.883124159214254,0.15939179575507706,203.96199169713316,21.277561530300545,0
7.004716843971258,1.2818871422377534,238.0768833976842,28.821116254785235,0
6.417816217990162,4.881781399059264,466.9943372527961,20.432663625487393,1
8.382075567810888,4.02753184822665,216.20180226856814,18.812196661488997,1
7.860218267785541,4.801925557173064,287.99530726317465,18.692649146947385,1
7.600383275928964,2.490484815239176,456.0564549584059,21.84215241727188,1
8.681677749152872,0.6377073735197671,383.088540107011,23.599152395596434,1
8.365791633673592,2.7850014959710956,124.88129046588111,31.61898342110137,0
6.455024639198253,2.3264489393438086,158.92121771158813,17.39782186945424,1
6.935166203386645,4.237349705424118,103.13663630876673,29.698516947897886,1
6.745467419443397,0.5806046458427985,352.36871609166536,25.629098283786107,0
8.231838877718031,2.4923815714067135,279.06937016416737,20.75890685351985,0
6.100597304207338,0.8352384570005229,153.7099403609102,24.856391690656494,1
7.70966905461395,1.6909120417612942,483.1736484227082,20.998841395540452,1
8.287376057222072,3.7130496792002186,311.86388957824795,26.921639104766122,0
8.63029691028525,2.432488833906956,196.75731764515567,23.676878457104884,1
7.026245246147722,1.94185259721427,300.24142846188306,18.288110581577573,0
8.46377191401604,2.032933764993173,371.84813309404313,17.331661491113934,0
6.331895210865621,2.3512891651893346,130.49568718942578,25.9339136414426,1
8.539356875203556,3.946581064801579,209.8815260191568,33.04826066572207,1
6.382465986995947,4.471214975807149,422.78619635359746,21.87915373115371,1
7.191861871681102,4.781139963869249,283.86594816106447,29.660002144452463,1
8.391886097338661,3.955826592650946,318.63085681291795,28.173227098795337,0
6.449752282046322,1.6454937891652626,273.1264008837877,33.63109828618962,1
6.687754185697925,3.4718600598240568,117.55997705720205,31.419620345982818,0
8.166757705179199,2.2442553078714207,166.2999119280624,26.33210517810926,0
8.160109609638223,1.347886048025651,278.21665549675635,28.140609964682145,0
7.9234428986558925,4.220270739187021,183.67418616317113,32.9677293316807,1
8.0818453334013,0.28828910991539247,119.9916114638715,22.990375691738695,0
7.628173330042788,4.518633761463575,437.4598656207295,21.535894117155546,1
6.755397176720859,2.3612395766611978,492.47701166564633,15.216221672703927,1
7.0370879805117585,3.2222872363605743,417.2571495986958,31.531021483829285,0
6.544793150404277,3.3308342188083357,441.5139686818668,31.019614008067297,0
8.725351684000884,4.486076929462028,196.79085212681815,17.089090362003027,1
7.750175384298362,3.2196814426193163,484.2507902052799,26.537147622654004,1
7.20255425029092,3.108274565324303,178.77028178137135,24.279633963337748,0
7.386017410932398,0.4265949987473808,480.5719241447329,17.37418191018223,1
8.841850018835446,2.6401993075315002,497.9277175863804,34.61136454121447,1
6.4600542093482405,0.8358281040035042,384.6891222984195,19.29391774926711,1
7.758689496050392,3.7134254667352797,492.4574927167288,16.344683601811223,1
7.517666036653398,2.6098874119821054,327.81591182684144,26.89694759003819,0
7.834362706303944,3.4331161181209318,203.81671327043614,29.777333542660653,0
6.054330551462521,0.3041972129516829,274.79835426624834,15.64886892094374,1
8.616371726832455,0.5154808786244358,337.42437415151437,28.174352774540445,1
8.796354847450838,3.6099846015071435,129.232624810806,25.645837519029087,1
7.695399550767627,0.45321324639349947,348.9373058468984,17.06530017750097,0
8.089952471630678,0.4491579660497672,492.4711347049178,18.45047753892724,1
8.767498143531887,0.15933152865094852,176.04305991349105,26.359485946321612,1
8.121715902940196,4.786856851667452,417.0380465153533,20.92715227026577,1
6.457617128742784,3.7137909613491344,463.15951751184775,33.76631457302632,1
7.728865080500439,1.8309319016601147,477.48063712808835,31.374804589681016,1
7.8201451391485675,1.5530243483095107,484.0542417621789,34.67134413027326,1
7.272392013907158,1.813545825754663,308.58385548858877,20.19341677900828,0
8.209332706874168,3.8958023027877915,490.9231631966015,34.39447265595954,1
8.803101044307045,3.340715994245031,402.92408285377553,23.624677395831156,1
8.776705538720329,1.0074582825505929,164.66857449478476,21.95037590627509,1
7.352518114212396,0.9531357431370133,290.76004258718797,16.006990539387065,0
6.339714137522265,0.5821386835956469,387.3324701488016,16.055305157192052,1
8.954523596887004,3.3354833265365573,198.93612632763333,28.840225118933095,1
8.516694259337802,3.8454260448865063,356.24607341955493,24.158579888680556,1
6.373988043609801,1.39872749879252,366.6401916186477,19.530432520722115,1
8.762525647852117,0.20263030905147278,165.07989752342635,27.279406126504654,1
8.609689086186386,0.502641170634494,326.03412498110254,20.057162365002224,1
7.5565141713782165,4.84251417074065,408.6507643914431,26.55263508688845,1
7.7738263072347875,1.5476794096393596,299.5582658143768,22.184174939653808,0
7.197008111610391,3.869193424406855,104.84124671044297,31.47104453223638,0
6.164284916466094,3.1608514873858926,103.61538763171687,31.413923215335586,1
7.005591724937703,1.9715042342991902,242.81173758800486,24.547007962448028,0
8.408560345794035,1.1078675847582202,470.4776273727128,22.016382186700312,1
6.013896069013809,0.6947934489810915,191.47071184144352,22.25119593118189,1
7.000497515073432,3.113563543390447,353.74547554867485,31.11429051336436,0
7.19450608077283,3.8957055251251616,188.83034827732823,21.563589655952242,0
7.612186808813769,3.255130842351541,228.66799586381944,19.18118747413692,0
8.759566849238281,2.698480452920876,439.2168358405936,16.693766837506136,1
7.0390379830978835,0.30556099481501775,391.54457690797875,24.333862417688167,0
7.0408596056886825,4.845595010212481,138.15971092528426,24.64264197839684,1
8.212503744329245,4.0136995391074155,271.48080839457344,31.818174208058142,1
7.356653822669422,1.5348279798347275,111.66790545810579,19.42477392892128,0
6.673814468819946,4.901854613858368,292.3560586412036,22.619825473367996,1
7.35731854839808,3.0492197892179784,364.97360468042723,31.168114777873818,0
6.4225710611394,2.9538710252155083,147.40104943926062,31.47247221497947,1
6.52916095951867,3.7655585792047077,215.55397556366626,22.692221519575362,0
7.4951033182184394,4.077671961641674,259.1346502008628,24.18248046573362,1
7.256776348513643,3.316745175924363,467.8124098624199,21.06571781698566,1
8.744537703204301,0.7276691571943802,497.30200616918563,33.65109756838624,1
7.0871816973499,1.7575107793730425,117.96451959824634,17.372875314831607,0
7.741765050834131,4.647609837597644,404.4031693981568,33.6749884600294,1
7.896792863758591,1.2006164980348746,248.68962656093728,28.677329036706865,0
6.039283369765001,1.9236184168038155,256.98327449179203,25.631443053734625,1
7.990612116050132,2.2171767264265605,401.7059893388091,15.653181215689917,0
6.534107900609254,2.253084449502816,467.3705728581635,24.511923836440168,1
8.883210952408366,3.1034039542231753,480.37143780101934,23.154962100054647,1
6.445988183259339,4.721071604949067,330.84903441532833,18.22437623950245,1
7.243872371181071,1.2793942879792746,242.84846372020112,28.12819207001314,0
6.256049004235932,0.6953567438744985,415.0196343435117,34.42301814736572,1
8.990622755537842,1.067605400313693,200.4005533049201,26.243776221290503,1
7.506585030993728,4.445932011025421,325.6296115334071,29.295065528878915,1
7.786155051960131,3.26447298201051,243.43138460994928,16.369009051320337,0
6.201229432165283,1.5009432672718848,362.65242948315046,23.353339916339895,1
8.249881411197533,4.098140000946224,196.15956515740277,17.32716970328992,1
6.629716779286757,4.3207129821808365,176.6371782939303,27.255916710730208,1
8.694162868322142,4.247920259582362,467.2956346701748,33.769643164283096,1
6.615418921446022,4.602740014833817,140.72147317981475,28.23555464943277,1
6.572063161991,1.335980998849472,302.38316309397266,16.53606096628843,0
6.109649003544285,3.799705450856764,188.34111318520357,22.093324099701658,1
7.416200835329998,2.3566435366432863,115.57198533026698,26.01326758881703,0
7.694523399787849,4.225792909161301,114.40752731657055,23.064155122665042,1
6.197125918285057,3.669604318091905,170.08870884233093,31.672880209503447,1
8.326582850085032,3.904592487848651,446.7081418024001,31.293420094199785,0
7.359866504244083,3.315193004637251,212.99149759081067,27.23662040206443,0
7.57317080798274,0.9694009704015637,480.1836682301183,22.469158902654105,1
7.322288240814684,2.770631902594998,332.6489171956774,20.106727475264883,0
7.202289182625978,4.92488172367009,274.6456759075064,17.117486364262586,1
7.678920993924653,4.693201525835883,332.03553386778185,22.09795366973108,1
6.465720737792138,0.3115513054053572,306.6793540905071,23.263450344154393,1
6.545784391485814,0.907592597074242,403.5105015029301,28.51645850208147,0
8.585356863040552,0.7454709899273534,212.9984263891409,28.16319648595147,1
8.838346386400898,3.6573015589279483,241.22015664012096,16.402162792825138,1
7.119927948839258,4.10714811629903,457.6377210133003,22.905186308623158,1
6.812234019430662,1.1462056949222925,478.5826052601622,18.63557734434724,1
7.9319986297170475,2.5786781954639624,457.0232909945898,18.136254106336114,1
7.2262025132942895,4.21944483725488,267.77919758292546,31.54604299474492,1
6.076159066981035,3.690727569354628,412.14620120275265,15.838304334325152,1
6.468457792098571,2.756962306910057,290.53429332043953,23.383657518042426,1
8.147916686542192,2.9927036832479876,299.0159408584409,18.364073115330363,0
7.976771825730454,2.590966679889772,181.87204362291357,32.58660431356948,0
6.081287977510451,1.557987411462221,336.45212130340656,26.140810265500704,1
6.665916485798848,2.868607765009179,174.45435910133918,19.62761272753696,0
6.6932243897642145,3.475537980045445,232.62587962687752,25.04854574332753,0
8.015678230796185,4.379282287717958,442.0120806479741,29.629727194062315,1
6.059131613263093,3.217827634498316,182.8303236843421,34.162360178388674,1
6.312325745953721,3.8294955315114745,128.46331406937313,19.40892008490838,1
8.399748256119569,0.8843510112774077,127.60303704512651,32.723635442586904,0
6.535633986163001,2.3616316246569706,476.31380820124315,33.686082283349805,1
7.958238323555625,0.14572493715275717,302.7681751847339,33.32841089064132,0
6.71454834314018,1.308726436155953,263.7648287268073,27.708287137238194,0
6.298324178278035,3.6596624040537242,424.3514324031674,27.596413088694156,1
6.729516572998362,4.959868761611881,434.3303711642064,23.064212663676457,1
8.166800795566978,0.585972687977358,232.87641324624184,30.04795764607576,0
8.567089404318857,2.0673221477203128,377.4472229895181,25.625880367018638,1
8.490659593700975,4.020347746625882,408.4491263407546,28.54876142456589,1
7.191550588855364,1.0997746096816043,361.86027474638183,23.56915807697591,0
8.004255409711938,2.819916251581203,160.63802992003974,29.629929280862783,0
6.614952886247463,3.692049350545407,450.3532334068228,31.48943035209098,1
6.879443190783039,3.1183287062748777,315.6378210944035,17.92872513205632,0
8.68900745556336,1.0213211996155391,212.98897054800148,31.65859431148456,1
6.039005770532208,1.8413843865601234,270.09127417507756,25.805930635806146,1
6.2565255925634045,3.940579743978447,115.02843615956296,31.893318181804485,1
6.623658765438082,2.8157099192468817,151.14672048896702,23.626034126820294,0
6.079596611621459,0.1256251063602724,406.21870020634435,22.5808097076607,1
6.544306305269392,3.8288547241376603,100.00465390214646,33.30121465034445,0
7.749124682909077,0.2730256392071715,266.6263313929169,20.023385350968027,0
7.2642736517774935,3.754095535383038,309.00407243423535,31.884246505722864,0
8.678015133230925,1.0921547448096633,121.85376800038892,24.680411450188082,1
8.452330685215323,4.794560052584963,489.23126518893315,25.281908851025193,1
7.025452055093628,1.9029096813802142,190.45013249986877,21.16936562978968,0
6.778270300293878,1.7019649200565878,221.67948785451233,26.460844012380313,0
7.139077224501801,0.829551446628979,221.5770049020109,21.504223925524226,0
7.770884827544423,1.5974606559020532,192.16666484693997,15.785388284833047,0
6.804190922468629,4.395588732958183,100.58952883452457,20.43997210688712,1
7.872446723547402,4.982038254373512,391.7379176351985,15.127580868131814,1
7.228234956573721,1.9047166994835572,486.73819991971413,34.56709574113714,1
7.6561415425559405,2.298192091677259,189.717393314018,34.31494419639495,0
7.30837958740595,3.638147597193412,365.218876721369,22.9031059494461,0
6.883397278625753,4.442359324278865,396.75853078348604,29.567417086792922,1
8.84535992088647,3.0059172375152428,439.37015163620987,21.9161219682085,1
8.290817382479283,2.018475921071364,269.05167880544366,28.42186314171952,0
6.420339527299357,2.1218470201582567,221.1723622561717,31.10860086091958,1
8.60540392769374,3.508528917834354,230.11805360921244,33.935124893844815,1
7.462293594748541,0.11576949166096555,385.0485332394051,23.00424551699344,0
8.683656680682274,3.1359877535532195,426.7117866022544,30.665959659120954,1
8.399565767841946,1.8419157511626514,172.64558710264106,20.318569012642378,0
7.2756405134077005,3.991566923257713,248.37640326310608,34.80664607587296,0
6.067407924960352,0.5556541351333476,460.77607869966005,15.515391975287024,1
6.806032078154838,2.9821911080471137,422.6774078778957,27.070576130022417,0
7.624902643982601,2.4567671604420065,493.94336110499034,28.19011963302654,1
7.900434659478442,3.247395076935615,401.6993038728323,28.760911141482577,0
6.773663056299607,0.41778261296654495,257.2780804111689,17.40775157578178,0
6.418068222218473,2.9419205583978436,336.2551335978551,33.77059566946261,1
8.504790710397897,2.8512744810016666,364.4057016989281,18.623665581001656,1
8.953206542110657,2.847234462639238,131.38232652684957,27.45506806479682,1
7.5770705469080575,3.0570895663226287,317.79878364154604,19.453521582461697,0
6.51503785754491,3.414692892409175,383.72833138904383,21.144328340425417,0
6.816921979558106,4.044446098435772,166.92852160042415,25.929170834562488,1
6.0551720296424,1.4221215286282505,412.25268697022284,23.343868371291528,1
8.742896419681497,4.142742109882304,333.50911220564467,18.204512019530124,1
6.353253248670423,2.541452843090923,480.88871427903786,18.418728048416966,1
7.729549426542761,0.4775855677582227,116.96891928275667,23.36289576325599,0
6.822165662061618,0.3868995532954981,206.1304550221868,30.145659565510016,0
7.6625340075473805,1.7377677616106981,340.62155171992964,32.95929293695577,0
7.954261165055593,3.9459951878461914,218.62396488237226,16.682553245187655,0
8.489225411121605,3.5676365802304875,385.7696656284969,22.862078151188022,0
6.619263815281809,3.964213326894792,403.6021130087724,17.004911274457534,0
6.0329874859754415,2.634618376563886,141.00638562658978,15.331849612651958,1
6.410656890206422,2.256975089981904,305.5417856827071,28.234373652879132,1
8.700055925544316,0.8225173808607914,303.55622223642234,27.048988839331756,1
8.621670232687546,1.7081444926856268,247.71230808621644,18.260382276297726,1
7.7922393065109254,2.226694894251989,473.16994502786883,19.67625666186128,1
7.80155058130096,0.5341421054301245,431.0025279492885,15.474155072890367,0
7.995110023638766,1.1809985682849353,378.8837527638547,31.698944113888075,0
6.5261138358703485,3.0313039409123204,385.730654293999,34.49381192097103,0
8.74323583777488,3.7047492597720306,284.68645752524765,17.709190735893817,1
7.25631157467622,4.991902805825453,468.39780843863036,19.629504275305962,1
7.149415584748493,4.672255323583433,377.83817090131413,32.36819047893868,1
7.556753115848513,3.2485694777224388,391.59242466232655,33.529275959123694,0
6.140897900325165,2.164115461140953,444.6763615149381,23.39254765613621,1
6.498850106268238,3.2172690870703406,209.6286357368764,16.01244944538148,1
8.214100849279111,3.9496929285931373,422.8283615466812,15.787836673856388,0
6.24839600377538,0.6798473355245979,178.09624118259683,26.47899732138021,1
7.809456328399165,2.1085339595118127,238.13678089795513,22.85790217786358,0
6.736047329043963,4.215031199614525,234.2441817079371,15.57304855155309,1
7.167886842125929,1.980781464471916,491.4101873556562,26.665047846251134,1
6.8660812103121,2.9021741290132144,442.6148894991707,15.22605073178045,0
7.067018149394848,2.9800698682247715,380.4679446361039,30.747439162985458,0
8.157137715552736,1.003933640354833,390.82270464615607,21.128656454067432,0
6.891365146869525,1.8749536640962132,324.82911776102844,15.805160060184642,0
7.699213920890692,1.7391053148354678,478.83626684340766,26.767044419663065,1
7.428151206597299,0.2283638718071175,298.50350115294464,22.953688288661095,0
7.991013496087945,0.21853964306764073,252.2070839479578,34.47600826714299,0
8.810489217974274,4.17531551401129,165.21413477263638,25.883973250074042,1
8.197716291630751,1.438046968866781,414.4822609044232,20.504783620740167,0
6.64482113577227,2.6385859545701957,393.7775728302366,29.188777292679497,0
6.093549405183854,1.5637553105849882,253.74201540965396,20.429840050854224,1
6.786792132899476,4.7093283010651685,110.07736558369174,33.0848658281513,1
7.785233792100764,1.3705541184422916,435.5989310872043,22.49443941014753,0
6.154277440452751,2.2053183824207823,104.56719338162945,25.997371255524104,1
7.4890987416037085,4.376378227374549,381.4799118516204,16.011462076484577,1
7.790528546750668,4.225474477279862,488.10284389042283,23.522424759044615,1
7.002731672450882,1.011896947446759,275.06453125928135,31.6472707932199,0
8.312736611237465,4.032952217998981,193.9893619983811,31.11297610726684,1
6.319794759401315,2.3451157450156743,381.9484040173527,19.486371177070524,1
6.225413345207427,2.466547473218241,426.85125680623406,19.521581420211255,1
8.18456626861081,0.7540518648381246,318.57212643113894,31.346106244264735,0
7.486473948618595,0.4949474174099109,486.81411010245847,33.60796840338651,1
8.065207189283209,3.6669026041714496,120.66748866318444,16.907218425460073,0
7.304482015811239,2.532659646540969,301.91823932181126,24.001172788524507,0
6.73920609971732,2.24056844281438,387.38157892902,21.74908557928458,0
8.457306953022599,3.6745903203967445,445.0561884596716,32.41376910914879,0
8.398247636906937,3.851013205056438,171.70224476311603,16.670498293600374,0
8.08408941256328,0.8786500215798325,420.00139270547254,19.22251885116075,0
6.816435411689888,3.0901032324404425,321.0828302874181,30.049366751729885,0
7.770692000607261,0.7632350031606591,258.62147279598526,16.02587697962431,0
7.082921690820081,3.7817379215423244,152.68601143163744,24.850707614285785,0
6.274746219979902,3.319080265708984,446.11830356356495,23.842140693594402,1
8.751940726386728,4.787411643308944,162.90928327188612,21.688023579774974,1
6.410455892756884,0.4378942801464638,223.9151436836397,22.891446306378477,1
8.850712061462406,0.37956813364114617,216.01821278497476,25.59881173860466,1
7.338017318873867,1.4827166659966808,448.56561367634174,18.22734716776766,0
